"Study_ID","Title","Authors","Year","Source","DOI","URL","Research_Focus","System_Name","Blockchain_Platform","Storage_Integration","Permission_Model","Provenance_Model","maDMP_Support","Evaluation_Method","Key_Findings","Limitations","Quality_Score"
"REV001","Analysis of Web3 Platform Data Management Efficiency: A&nbsp;Simulation&nbsp;Study","Shi Jianzheng and Wang Yue and Ow Terence T. et al.",2026,"Distrib. Ledger Technol.","10.1145/3756328",NA,"Other",NA,"Not specified","Not specified","Not specified","None","None","Not clear",NA,NA,NA
"REV002","Library resource sharing system and data management model based on blockchain","Sun Yuheng and Zhou Wei and Deng Lin and Liu Hao et al.",2025,"Proceedings of the 2024 3rd International Conference on Artificial Intelligence and Education","10.1145/3722237.3722251",NA,"Other",NA,"Not specified","Not specified","Not specified","None","None","Not clear",NA,NA,NA
"REV003","Design of Educational Data Management System with Blockchain and High Functional Digital Signatures","Hata Yudai and Sakurai Kouichi et al.",2025,"Proceedings of the 2024 5th International Artificial Intelligence and Blockchain Conference","10.1145/3702359.3702360",NA,"Other",NA,"Not specified","Not specified","Not specified","None","None","Not clear",NA,NA,NA
"REV004","Reproducibility Report for ACM SIGMOD 2025 Paper: 'Live Patching for Distributed In-Memory Key-Value Stores'","Deng Yangshen and Fruth Michael and Scherzinger Stefanie et al.",2026,"Reproducibility Reports of the 2025 International Conference on Management of Data","10.1145/3785021.3788011",NA,"Provenance",NA,"Not specified","Not specified","Not specified","None","None","Not clear",NA,NA,NA
"REV005","CP2GS: Cross-Platform Provenance Generation System","Zhang Zilong and Dong Weiyu and Li Zhuo et al.",2025,"Proceedings of the 2025 4th International Conference on Big Data Information and Computer Network","10.1145/3727353.3727458",NA,"Provenance",NA,"Not specified","Not specified","Not specified","None","None","Not clear",NA,NA,NA
"REV006","A Blockchain-based System for Dataset Certification and Integrity Verification","Galletta Antonino and Branca Salvatore Gabriele and Reggio Maria Teresa and Villari massimo et al.",2025,"Proceedings of the 6th Workshop on Secure IoT Edge and Cloud Systems","10.1145/3770740.3771880",NA,"Provenance",NA,"Not specified","Not specified","Not specified","None","None","Not clear",NA,NA,NA
"REV007","A Neuro-Symbolic and Blockchain-Enhanced Multi-Agent Framework for Fair and Consistent Cross-Regulatory Audit Intelligence","Zhang Tiantian et al.",2026,"Proceedings of the 2025 International Conference on Digital Society and Intelligent Computing",NA,NA,"Other",NA,"Not specified","Not specified","Not specified","None","None","Not clear",NA,NA,NA
"REV008","SrFTL: Leveraging Storage Semantics for Effective Ransomware Defense in Flash-based SSDs","Zhu Weidong and Hernandez Grant and Garcia Washington and Tian Dave (Jing) and Rampazzi Sara and Butler Kevin R. B. et al.",2025,"ACM Trans. Storage","10.1145/3767322",NA,"Other",NA,"Not specified","Not specified","Not specified","None","None","Not clear",NA,NA,NA
"REV009","AI-Enhanced Blockchain Networks for Climate Change Monitoring and Carbon Credit Verification","Gupta Shubham and Vanteru Kusumakumari and Reddy Srinivas and Madupati Bhanuprakash et al.",2025,"Proceedings of the 2025 4th International Conference on Frontiers of Artificial Intelligence and Machine Learning","10.1145/3748382.3748389",NA,"Provenance",NA,"Not specified","Not specified","Not specified","None","None","Not clear",NA,NA,NA
"REV010","The BigFAIR Architecture: Enabling Big Data Analytics in FAIR-compliant Repositories","Castro Jo\~ao Pedro de Carvalho and Medeiros Fran\cca romero Lucas and Chaves Carniel Anderson and Dutra Aguiar Cristina et al.",2025,"J. Data and Information Quality","10.1145/3774755",NA,"Other",NA,"Not specified","Not specified","Not specified","None","None","Not clear",NA,NA,NA
"REV011","Accelerating Verifiable Queries over Blockchain Database System Using Processing-in-memory","Hua Yifan and Zheng Shengan and Kong Weihan and Xue Dongliang and Xi Ke and Wen Yuheng and Huang Linpeng and Mei Hong et al.",2025,"ACM Trans. Archit. Code Optim.","10.1145/3768318",NA,"Other",NA,"Ethereum","External DB","Not specified","None","None","Not clear",NA,NA,NA
"REV012","Performance Characterization and Provenance of Distributed Task-based Workflows on HPC Platforms","Gueroudji Amal and Phelps Chase and Islam Tanzima Z. and Carns Philip and Snyder Shane and Dorier Matthieu and Ross Robert B. and Pouchard Line C. et al.",2025,"Proceedings of the SC '24 Workshops of the International Conference on High Performance Computing Network Storage and Analysis","10.1109/scw63240.2024.00254",NA,"Provenance",NA,"Not specified","Not specified","Not specified","None","None","Not clear",NA,NA,NA
"REV013","Measuring While Playing Fair: An Empirical Analysis of Language and Framework Usage in the iOS App Store","Magin Florian and Scherf Fabian and Renze Martin and Fischer Cl\'eo and Patat Gwendal et al.",2025,"Proceedings of the 2025 Workshop on Software Understanding and Reverse Engineering","10.1145/3733822.3764671",NA,"Other",NA,"Not specified","Not specified","Not specified","None","None","Not clear",NA,NA,NA
"REV014","Optimizing the Performance of NDP Operations by Retrieving File Semantics in Storage","Li Lin and Chen Xianzhang and Li Jiali and Wang Jiapin and Liu Duo and Tan Yujuan and Ren Ao et al.",2025,"Proceedings of the 60th Annual ACM/IEEE Design Automation Conference",NA,NA,"Other",NA,"Not specified","External DB","Not specified","None","None","Not clear",NA,NA,NA
"REV015","Secure and Scalable Data Integrity Verification for Multi-Cloud Storage Using Blockchain-Integrated IPFS","S. Das; M. Mishra; R. Priyadarshini et al.",2025,"2025 IEEE 6th India Council International Subsections Conference (INDISCON)","10.1109/INDISCON66021.2025.11252290",NA,"Provenance",NA,"Not specified","IPFS + blockchain","Not specified","None","None","Not clear",NA,NA,NA
"REV016","Blockchain-Enhanced Chain of Custody for Digital Forensic Evidence Management","R. Mishra; P. Arya; M. Narwaria; I. Kaur et al.",2025,"2025 IEEE International Conference on Blockchain and Distributed Systems Security (ICBDS)","10.1109/ICBDS67396.2025.11379799",NA,"Provenance",NA,"Not specified","Not specified","Not specified","None","None","Not clear",NA,NA,NA
"REV017","GalaxyQ: A Platform for Reproducible and Provenance-Driven Hybrid Quantum-Classical Scientific Workflows","B. Raubenolt; D. Blankenberg et al.",2025,"2025 IEEE International Conference on Quantum Computing and Engineering (QCE)","10.1109/QCE65121.2025.10331",NA,"Provenance",NA,"Not specified","Hybrid","Hybrid","None","None","Not clear",NA,NA,NA
"REV018","Decentralized Provenance Metadata Registries for Asset-Referenced Tokens","T. Hardjono; D. Avrilionis et al.",2025,"2025 IEEE International Conference on Blockchain and Cryptocurrency (ICBC)","10.1109/ICBC64466.2025.11185100",NA,"Provenance",NA,"Not specified","External DB","Not specified","None","None","Not clear",NA,NA,NA
"REV019","Research on the Construction of Science and Technology Resource Big Data Management Platform Model Based on IPFS","S. Yang; Y. Liu; J. Meng; B. Li et al.",2025,"2025 IEEE 12th Joint International Information Technology and Artificial Intelligence Conference (ITAIC)","10.1109/ITAIC64559.2025.11163217",NA,"Other",NA,"Not specified","IPFS + blockchain","Not specified","None","None","Not clear",NA,NA,NA
"REV020","Secured and Decentralized Diabetes Data Management Using Blockchain and Federated Learning","J. Eda; K. Khalil et al.",2025,"2025 3rd International Conference on Artificial Intelligence, Blockchain, and Internet of Things (AIBThings)","10.1109/AIBThings66987.2025.11296214",NA,"Other",NA,"Hyperledger Fabric; Hyperledger","Not specified","Not specified","None","None","Not clear",NA,NA,NA
"REV021","A Private Blockchain-Based Secure Framework for Patient-Centric Medical Data Management with Off-Chain Storage and Machine Learning Integration","S. Gupta; A. L. Sangal et al.",2025,"2025 International Conference on Electronics, AI and Computing (EAIC)","10.1109/EAIC66483.2025.11101451",NA,"Other",NA,"Not specified","IPFS + blockchain; External DB","Not specified","None","None","Not clear",NA,NA,NA
"REV022","A Secure and Privacy-Centric Blockchain Platform for Cloud-Based Healthcare Data Management","S. A. Baker; K. H. Thanoon; M. N. Abed; M. Almansor; T. Y. Abdulqader; O. I. Alsaif et al.",2025,"2024 International Conference on IT Innovation and Knowledge Discovery (ITIKD)","10.1109/ITIKD63574.2025.11004752",NA,"Other",NA,"Not specified","External DB","Not specified","None","None","Not clear",NA,NA,NA
"REV023","Blockchain-Based Evidence Tracking System for Forensic Integrity and Secure Chain of Custody","S. G; V. Narendhran; K. D; M. A; K. K et al.",2025,"2025 1st International Conference on Radio Frequency Communication and Networks (RFCoN)","10.1109/RFCoN62306.2025.11085167",NA,"Provenance",NA,"Ethereum","External DB; Hybrid","Hybrid","None","None","Not clear",NA,NA,NA
"REV024","Bridging Metadata Service and CXL: A Metadata-Grained and Directory-Aware Storage Engine for Distributed Storage Systems","X. Xu; X. Xie; X. Qiao; L. Tian; Q. Wu; W. Gu; L. Xiao et al.",2025,"2025 IEEE International Conference on Cluster Computing (CLUSTER)","10.1109/CLUSTER59342.2025.11186458",NA,"Other",NA,"Not specified","Not specified","Not specified","None","None","Not clear",NA,NA,NA
"REV025","SSI-Enabled Authentication and Enhanced Metadata Search in Blockchain-based Decentralized IoT Data Platforms","L. Li; Y. Yasue; Y. Matsubara et al.",2025,"2025 7th International Conference on Blockchain Computing and Applications (BCCA)","10.1109/BCCA66705.2025.11229590",NA,"Other",NA,"Not specified","IPFS + blockchain","Not specified","None","None","Not clear",NA,NA,NA
"REV026","Blockchain-Based Decentralized Healthcare Data Management System with Zero Knowledge Proof Ring Signature for Secure, Tamper-Proof, and Privacy-Preserving Storage","S. M; C. Senthilkumar et al.",2025,"2025 International Conference on Emerging Technologies in Engineering Applications (ICETEA)","10.1109/ICETEA64585.2025.11099845",NA,"Other",NA,"Not specified","Not specified","Not specified","None","None","Not clear",NA,NA,NA
"REV027","A Decentralized System for NFT Metadata Generation Using IPFS","A. Lakshana; R. Hemalatha; M. R. A. Jenis et al.",2025,"2025 10th International Conference on Communication and Electronics Systems (ICCES)","10.1109/ICCES67310.2025.11336296",NA,"Other",NA,"Ethereum","IPFS + blockchain","Not specified","None","None","Not clear",NA,NA,NA
"REV028","Decentralized Health Data Management: An IPFS-based Approach and Performance Evaluation","F. Franco; A. Bogliolo; S. Montagna; L. Bedogni; S. Ferretti et al.",2025,"2025 33rd International Conference on Enabling Technologies: Infrastructure for Collaborative Enterprises (WETICE)","10.1109/WETICE67341.2025.11092236",NA,"Other",NA,"Not specified","IPFS + blockchain; External DB","Not specified","None","None","Not clear",NA,NA,NA
"REV029","Decentralized Healthcare Data Management: A Hybrid IPFS–Hyperledger Approach","G. Amine; E. Abdelaziz; T. Abderrahim et al.",2025,"2025 7th International Conference on Innovative Data Communication Technologies and Application (ICIDCA)","10.1109/ICIDCA66325.2025.11280305",NA,"Blockchain",NA,"Hyperledger Fabric; Hyperledger","IPFS + blockchain; Hybrid","Permissioned; Hybrid","None","None","Not clear",NA,NA,NA
"REV030","SAHChain: A Hybrid Storage Blockchain System Supporting Semantic Expressiveness and Retrieval","C. Qin; D. Liu; B. Guo; Y. Tan; A. Ren; K. Zhong; L. Liang et al.",2026,"IEEE Transactions on Computers","10.1109/TC.2026.3661623",NA,"Other",NA,"Ethereum","External DB; Hybrid","Hybrid","None","None","Not clear",NA,NA,NA
"REV031","Healthcare Big Data Management: A Taxonomy of Data Management Systems and the Emerging Role of Blockchain","A. Arya; A. Malik et al.",2025,"2025 Eighth International Conference on Image Information Processing (ICIIP)","10.1109/ICIIP68302.2025.11346415",NA,"Other",NA,"Not specified","Hybrid","Hybrid","None","None","Not clear",NA,NA,NA
"REV032","SecureGenAI: A Standardized Framework for Authentication and Provenance in AI-Generated Images using Blockchain-Enhanced Watermarking","D. Besiahgari et al.",2025,"2025 International Conference on Knowledge Engineering and Communication Systems (ICKECS)","10.1109/ICKECS65700.2025.11035329",NA,"Provenance",NA,"Not specified","Not specified","Not specified","None","None","Not clear",NA,NA,NA
"REV033","Provenance of AI-Generated Images: A Vector Similarity and Blockchain-based Approach","J. Sharma; A. Carvalho; S. Bhunia et al.",2026,"2026 IEEE 23rd Consumer Communications & Networking Conference (CCNC)","10.1109/CCNC65079.2026.11366470",NA,"Provenance",NA,"Not specified","Not specified","Not specified","None","None","Not clear",NA,NA,NA
"REV034","Task-Driven Dynamic Metadata Mapping for Scalable and Privacy-Aware Blockchain-Based Content Governance","Y. Lin; C. Zhang; H. Boerzhijin et al.",2025,"2025 International Conference on Trustworthy Big Data and Artificial Intelligence (ICTBAI)","10.1109/ICTBAI68361.2025.00016",NA,"Other",NA,"Hyperledger Fabric; Hyperledger","IPFS + blockchain; External DB; Hybrid","Hybrid","None","None","Not clear",NA,NA,NA
"REV035","A Patient-Centric Blockchain-Based Framework with Layer-2 Integration for Secure and Scalable Healthcare Data Management","W. Tarannum; S. Abidin et al.",2025,"2025 3rd International Conference on Intelligent Systems, Advanced Computing and Communication (ISACC)","10.1109/ISACC65211.2025.10969183",NA,"Other",NA,"Not specified","IPFS + blockchain; External DB","Not specified","None","None","Not clear",NA,NA,NA
"REV036","Health Data Management System Using Blockchain Technology","P. V. Terlapu; R. Salakapuri; V. Karthikeya; P. Srilakshmi; M. Likhitha; K. V. Vardhan et al.",2025,"2025 International Conference on Next Generation of Green Information and Emerging Technologies (GIET)","10.1109/GIET65294.2025.11234803",NA,"Other",NA,"Not specified","Not specified","Not specified","None","None","Not clear",NA,NA,NA
"REV037","Blockchain Data Management and SmartCards","M. Pehlke; S. Fedder; C. Schmitt; M. Witkowski; M. Jansen et al.",2025,"2025 7th International Conference on Blockchain Computing and Applications (BCCA)","10.1109/BCCA66705.2025.11229664",NA,"Other",NA,"Not specified","Not specified","Not specified","None","None","Not clear",NA,NA,NA
"REV038","Integrating Ensemble Learning and Blockchain in Healthcare to Optimize Decision-Making and Data Management","P. Pattnayak; T. Das; S. Patnaik; A. Mohanty; S. Sahu; S. S. Das et al.",2025,"2025 IEEE 2nd International Conference on Green Industrial Electronics and Sustainable Technologies (GIEST)","10.1109/GIEST66547.2025.11387211",NA,"Other",NA,"Not specified","Hybrid","Hybrid","None","None","Not clear",NA,NA,NA
"REV039","An Efficient Blockchain and Deep Learning-Based Framework for Secure Healthcare Data Management and Disease Prediction","S. M. E; S. K; D. K. S; S. A. S. S et al.",2025,"2025 International Conference on Computing and Communication Technologies (ICCCT)","10.1109/ICCCT63501.2025.11020281",NA,"Other",NA,"Not specified","IPFS + blockchain","Not specified","None","None","Not clear",NA,NA,NA
"REV040","A Blockchain Framework for Secure Healthcare Data Management Using Role-Based Access Control and Smart Contracts","S. Akter; T. F. Sanam et al.",2025,"2025 International Conference on Electrical, Computer and Communication Engineering (ECCE)","10.1109/ECCE64574.2025.11013162",NA,"Other",NA,"Not specified","IPFS + blockchain","Not specified","None","None","Not clear",NA,NA,NA
"REV041","Ontology-Driven LLM Service Protocol for HPC Platforms: Design for Workflow Interoperability and Provenance-Aware Automation","Y. Kwon; J. Lee; Y. B. Park et al.",2025,"2025 16th International Conference on Information and Communication Technology Convergence (ICTC)","10.1109/ICTC66702.2025.11388233",NA,"Provenance",NA,"Not specified","Not specified","Not specified","None","None","Not clear",NA,NA,NA
"REV042","Decentralized Intelligence for Smart Cities: Integrating Federated Learning, Blockchain, and Foundation Models for Privacy-Preserving Urban Data Management","S. Hardia et al.",2025,"2025 IEEE 16th International Symposium on Autonomous Decentralized Systems (ISADS)","10.1109/ISADS66912.2025.00017",NA,"Other",NA,"Not specified","Not specified","Not specified","None","None","Not clear",NA,NA,NA
"REV043","Blockchain and the Internet of Health Things for Decentralized, Open, and Secure Healthcare Data Management","B. K. Malamuthu; G. Pandian; K. Cherladine; S. Askar; P. Giri; G. Karthikeyan et al.",2025,"2025 International Conference on Information, Implementation, and Innovation in Technology (I2ITCON)","10.1109/I2ITCON65200.2025.11210659",NA,"Other",NA,"Not specified","External DB","Not specified","None","None","Not clear",NA,NA,NA
"REV044","Platform for Secure Data Management and Visualization in Data Center Environments","M. S. Saranya; T. Akshita et al.",2025,"2025 6th International Conference on Intelligent Communication Technologies and Virtual Mobile Networks (ICICV)","10.1109/ICICV64824.2025.11085962",NA,"Other",NA,"Not specified","External DB","Not specified","None","None","Not clear",NA,NA,NA
"REV045","HireIndex: A RAG-Enhanced AI Recruitment Platform for Fair, Transparent, and Efficient Hiring","A. Tiwari; A. Katiyar; S. Dhanuka; N. K. Verma et al.",2025,"2025 8th International Conference on Emerging Technologies in Computer Engineering: Advances in Computing, Healthcare and Smart Systems (ICETCE)","10.1109/ICETCE66848.2025.11387932",NA,"Other",NA,"Not specified","Not specified","Not specified","None","None","Not clear",NA,NA,NA
"REV046","Certificate Verification in Dual Blockchain Model using Threshold Signature and Zero Knowledge Proofs","K. Hariprasath; N. M. S. Kumar et al.",2025,"2025 IEEE 7th International Conference on Computing, Communication and Automation (ICCCA)","10.1109/ICCCA66364.2025.11325222",NA,"Provenance",NA,"Not specified","Not specified","Not specified","None","None","Not clear",NA,NA,NA
"REV047","Blockchain-Integrated Generative AI Framework for Robust Deepfake Detection and Digital Media Verification","J. Dinesh Kumar; P. Dhayanithi; C. Suresh; J. Angeljulie et al.",2025,"2025 International Conference on NexGen Networks and Cybernetics (IC2NC)","10.1109/IC2NC67409.2025.11376442",NA,"Provenance",NA,"Not specified","Not specified","Not specified","None","None","Not clear",NA,NA,NA
"REV048","Enhanced Naïve Bayes Model for Intelligent and Secure Email Spam Detection Using Hybrid Feature Engineering and Blockchain-Based Verification","V. R; D. Kamalin; S. Vanaja; C. H. Ramesh; G. Karuna; G. Sabarinathan et al.",2025,"2025 International Conference on Metaverse and Current Trends in Computing (ICMCTC)","10.1109/ICMCTC62214.2025.11196588",NA,"Provenance",NA,"Not specified","Hybrid","Hybrid","None","None","Not clear",NA,NA,NA
"REV049","Real-Time Fake News Detection System using LSTM and Blockchain for Tamper-Proof Verification","H. A V; S. T; V. C et al.",2025,"2025 9th International Conference on Inventive Systems and Control (ICISC)","10.1109/ICISC65841.2025.11188198",NA,"Provenance",NA,"Not specified","Not specified","Not specified","None","None","Not clear",NA,NA,NA
"REV050","An educational data depositing and verification method based on blockchain and cryptographic accumulator","L. Lan; S. Yang; T. Leng; B. Han; Y. Gao; Z. Guo; R. Shi et al.",2025,"4th International Conference on Electronic Information Engineering, Big Data and Computer Technology (EIBDCT 2025)","10.1049/icp.2025.2762",NA,"Provenance",NA,"Not specified","Not specified","Not specified","None","None","Not clear",NA,NA,NA
"REV051","Semantic Segmentation of Aerial Imagery Using Transfer Learning and Blockchain","S. Mahapatra; P. Mishra; R. K. Dash; S. S. Tripathy; B. C. Naik; J. Rautaray et al.",2025,"2025 OITS International Conference on Information Technology (OCIT)","10.1109/OCIT66168.2025.11400232",NA,"Other",NA,"Not specified","External DB","Not specified","None","None","Not clear",NA,NA,NA
"REV052","Key Technologies and Verification of a Digital Twin Simulation Platform Integrating Multimodal Perception","Y. Luo et al.",2026,"2026 6th International Conference on Consumer Electronics and Computer Engineering (ICCECE)","10.1109/ICCECE69169.2026.11399803",NA,"Provenance",NA,"Not specified","Not specified","Not specified","None","None","Not clear",NA,NA,NA
"REV053","Design of a Cross-Platform Simulation and Verification System for Complex Onboard Control Computers","Z. Yang; S. Li; C. Zhou et al.",2025,"2025 10th International Conference on Integrated Circuits and Microsystems (ICICM)","10.1109/ICICM66614.2025.11316043",NA,"Provenance",NA,"Not specified","Not specified","Not specified","None","None","Not clear",NA,NA,NA
"REV054","NEXERA: A Unified Smart Education Platform With AI-based Bus Attendance Verification, Tracking and Academic Monitoring","S. S; S. B; T. S P; V. J; S. J et al.",2025,"2025 6th International Conference on IoT Based Control Networks and Intelligent Systems (ICICNIS)","10.1109/ICICNIS66685.2025.11315724",NA,"Provenance",NA,"Not specified","Not specified","Not specified","None","None","Not clear",NA,NA,NA
"REV055","Graph-Based Customer Deduplication Using a Metadata-Driven Data Repository","T. Gürel; Ç. Atan; S. Çakmak; C. Ö. Zaim; E. Özdoğan; H. Gezgen; K. Akkaya; M. O. Ünalır et al.",2025,"2025 9th International Artificial Intelligence and Data Processing Symposium (IDAP)","10.1109/IDAP68205.2025.11222163",NA,"Other",NA,"Not specified","Not specified","Not specified","None","None","Not clear",NA,NA,NA
"REV056","Blockchain-based Distributed Provenance and Data Integrity Assurance Research for Digital Heritage Archives","R. Li et al.",2025,"2025 6th International Conference on Information Science, Parallel and Distributed Systems (ISPDS)","10.1109/ISPDS67367.2025.11391054",NA,"Provenance",NA,"Hyperledger Fabric; Hyperledger","IPFS + blockchain; External DB","Permissionless","None","None","Not clear",NA,NA,NA
"REV057","Novel Immutable Data Provenance in Embedded Systems: Integrating Critical Infrastructure Auditability and Monitoring via Anonymous Blockchain Technology","K.Kalaiselvi; M. M. Al-Momani; E.Sivajothi; T. Vijetha; G. Karthikeyan; R. Balasubramaniyan et al.",2025,"2025 IEEE 7th International Conference on Computing, Communication and Automation (ICCCA)","10.1109/ICCCA66364.2025.11325500",NA,"Provenance",NA,"Not specified","Not specified","Permissionless","None","None","Not clear",NA,NA,NA
"REV058","Reproducible Evaluation of Camera Auto-Exposure Methods in the Field: Platform, Benchmark, and Lessons Learned","O. Gamache; J. -M. Fortin; M. Boxan; F. Pomerleau; P. Giguère et al.",2025,"IEEE Transactions on Field Robotics","10.1109/TFR.2025.3566694",NA,"Other",NA,"Not specified","Not specified","Not specified","None","None","Not clear",NA,NA,NA
"REV059","Towards Secure Medical Data Management: A Self-Sovereign Identity–Enabled DApp with Decentralized and Hybrid Deployment Models","H. Makina; I. A. Ojen; A. Ben Letaifa; R. Farhat et al.",2025,"2025 IEEE Twelfth International Conference on Communications and Networking (ComNet)","10.1109/ComNet68251.2025.11325231",NA,"Other",NA,"Not specified","IPFS + blockchain; Hybrid","Hybrid","None","None","Not clear",NA,NA,NA
"REV060","VeilLock: Privacy-First Decentralized Cloud Access – Anonymous Authentication and Secure Data Management in Cloud Environments","V. S; D. R; R. S et al.",2025,"2025 9th International Conference on Electronics, Communication and Aerospace Technology (ICECA)","10.1109/ICECA66444.2025.11382935",NA,"Other",NA,"Not specified","Not specified","Not specified","None","None","Not clear",NA,NA,NA
"REV061","Explainable AI-Enabled Privacy-Preserving Query Processing on Blockchain Ledgers With Statistical Metadata","J. Dutta; D. Puthal et al.",2026,"IEEE Transactions on Services Computing","10.1109/TSC.2026.3668008",NA,"Other",NA,"Not specified","Not specified","Not specified","None","None","Not clear",NA,NA,NA
"REV062","Advancing Blockchain-Based Systems to Enhance Security and Privacy in Healthcare Data Management Practices","M. Gulhane; N. Rakesh; S. Dixit; R. Sharma; S. Kumar et al.",2025,"2025 10th International Conference on Signal Processing and Communication (ICSC)","10.1109/ICSC64553.2025.10968535",NA,"Other",NA,"Not specified","Not specified","Not specified","None","None","Not clear",NA,NA,NA
"REV063","Blockchain Powered IoT Solutions for Privacy Preserving Healthcare Data Management","A. AlGhamdi; H. B. Furaijl; N. A. Al-Sammarraie; A. I. Alanssari; N. R. Nimah; M. Soni et al.",2025,"2025 4th OPJU International Technology Conference (OTCON) on Smart Computing for Innovation and Advancement in Industry 5.0","10.1109/OTCON65728.2025.11070484",NA,"Other",NA,"Not specified","Not specified","Not specified","None","None","Not clear",NA,NA,NA
"REV064","Post-Quantum Security for Blockchain and Healthcare Data Management: A Review","Ö. Karaduman; Z. B. Gürbüz; M. T. Gençoğlu; H. Eren et al.",2025,"2025 9th International Symposium on Innovative Approaches in Smart Technologies (ISAS)","10.1109/ISAS66241.2025.11101859",NA,"Other",NA,"Not specified","External DB; Hybrid","Hybrid","None","None","Not clear",NA,NA,NA
"REV065","Blockchain for Healthcare: A Patient-Centric Data Management Framework for Smart City Ecosystems","M. B. Jallow; E. Jaw et al.",2025,"2025 IEEE European Technology and Engineering Management Summit (E-TEMS)","10.1109/E-TEMS64751.2025.11239240",NA,"Other",NA,"Not specified","Not specified","Not specified","None","None","Not clear",NA,NA,NA
"REV066","Development of AI Models Driven by Blockchain for Privacy-Preserving Data Exchange in Personal Data Management and Healthcare Systems","S. A. Khan; F. A. Khan; S. Srinivasan et al.",2025,"2025 IEEE International Conference on Advanced Computing Technologies (ICACT)","10.1109/ICACT67549.2025.11351450",NA,"Other",NA,"Not specified","Not specified","Not specified","None","None","Not clear",NA,NA,NA
"REV067","Blockchain-Integrated Cloud and Edge Computing for Secure Healthcare Data Management","N. Thakur; R. Gupta; S. Yadav et al.",2025,"2025 IEEE 2nd International Conference for Women in Computing (InCoWoCo)","10.1109/InCoWoCo68239.2025.11407244",NA,"Other",NA,"Not specified","Hybrid","Hybrid","None","None","Not clear",NA,NA,NA
"REV068","HBC-Med: A Hybrid Blockchain Model for Medical Data Management. Balancing Privacy, Interoperability and Decentralization","E. Petkov; S. Georgiev et al.",2025,"2025 9th International Symposium on Multidisciplinary Studies and Innovative Technologies (ISMSIT)","10.1109/ISMSIT67332.2025.11267864",NA,"Other",NA,"Hyperledger Fabric; Ethereum; Hyperledger","Hybrid","Hybrid","None","None","Not clear",NA,NA,NA
"REV069","A Smart Medical Monitoring Data Management and Device Authentication Method Based On Edge Blockchain","L. Chen; Y. Sun; Z. Wang; W. Guo et al.",2025,"2025 2nd International Conference on Electronic Engineering and Information Systems (EEISS)","10.1109/EEISS65394.2025.11086087",NA,"Other",NA,"Not specified","Not specified","Not specified","None","None","Not clear",NA,NA,NA
"REV070","Integrating AI and Blockchain Technologies for Advanced Threat Detection and Secure Data Management in Cyber Ecosystems","D. Manju; P. Gandham; A. V. B. Paavan; K. Sai Garipally; S. R. A. Kumar; S. Jillela et al.",2025,"2025 International Conference on Innovations in Intelligent Systems: Advancements in Computing, Communication, and Cybersecurity (ISAC3)","10.1109/ISAC364032.2025.11156250",NA,"Other",NA,"Ethereum","Hybrid","Hybrid","None","None","Not clear",NA,NA,NA
"REV071","Blockchain-Based Healthcare Data Management: Analysis and Evaluation of Security, Scalability, and Compliance for Electronic Health Records (EHRs)","D. Zilong; M. Muwafak Alobaedy et al.",2025,"2025 5th International Conference on Advances in Electrical, Electronics and Computing Technology (EECT)","10.1109/EECT64505.2025.10966949",NA,"Other",NA,"Not specified","Not specified","Not specified","None","None","Not clear",NA,NA,NA
"REV072","Blockchain Technology for Secure and Transparent Healthcare Data Management Implications for Patient Privacy and Care Coordination","S. G. Kharat; S. S. Kethu; V. N. R. K. Nizampatnam; A. C. Jha; S. Deepika; Shivangtandon et al.",2025,"2025 2nd International Conference on Artificial Intelligence and Knowledge Discovery in Concurrent Engineering (ICECONF)","10.1109/ICECONF65644.2025.11379516",NA,"Other",NA,"Not specified","Not specified","Not specified","None","None","Not clear",NA,NA,NA
"REV073","Secure and Transparent Rural Health Data Management Using Blockchain Technology","A. A. Ahmed; D. K. Hanirex et al.",2025,"2025 Global Conference on Information Technology and Communication Networks (GITCON)","10.1109/GITCON65266.2025.11377446",NA,"Other",NA,"Hyperledger Fabric; Hyperledger","External DB; Hybrid","Hybrid","None","None","Not clear",NA,NA,NA
"REV074","Hieranet: Hierarchical Blockchain-Based Data Management System for Smart Healthcare","S. K; A. S. Poornima; K. LG; M. Shreyank; P. G. T et al.",2025,"2025 2nd International Conference on Software, Systems and Information Technology (SSITCON)","10.1109/SSITCON66133.2025.11341934",NA,"Other",NA,"Ethereum","IPFS + blockchain; Hybrid","Hybrid","None","None","Not clear",NA,NA,NA
"REV075","Blockchain Driven Holistic Healthcare Systems for Secure Data Management","D. Jaiswal; A. Choubey; M. Jaiswal; S. Choubey et al.",2025,"2025 International Conference on Sustainability, Innovation & Technology (ICSIT)","10.1109/ICSIT65336.2025.11293901",NA,"Other",NA,"Not specified","Not specified","Not specified","None","None","Not clear",NA,NA,NA
"REV076","Leveraging Blockchain for Secure and Transparent Patient Case Data Management: Insights from System Implementation and Use Cases","M. S; S. Thaseen; V. D. Sahu; P. D. Divate; Y. Akolu et al.",2025,"2025 2nd International Conference on Artificial Intelligence, Metaverse, and Cybersecurity (ICAMAC)","10.1109/ICAMAC67779.2025.11398625",NA,"Other",NA,"Ethereum","External DB","Not specified","None","None","Not clear",NA,NA,NA
"REV077","Efficient GDPR-Compliant Blockchain Data Management with Fine-Grained Consent and Auditable Trails","S. V; M. N. S et al.",2025,"2025 IEEE 6th Global Conference for Advancement in Technology (GCAT)","10.1109/GCAT66372.2025.11368505",NA,"Other",NA,"Not specified","External DB","Not specified","None","None","Not clear",NA,NA,NA
"REV078","MedVault: A Blockchain-Integrated Deep Learning Architecture for Secure Medical Data Management","M. S. Karthikeyan; R. Rajasree; R. S. Krishnan; C. Gayathri; R. Sarala; P. S. R. Malar et al.",2025,"2025 International Conference on Intelligent Computing, Information and Control Systems (ICOIICS)","10.1109/ICOIICS67115.2025.11390301",NA,"Other",NA,"Hyperledger Fabric; Ethereum; Hyperledger; Corda","External DB; Hybrid","Hybrid","None","None","Not clear",NA,NA,NA
"REV079","Blockchain-Driven Non-Repudiation and Secure Framework for Healthcare Data Management","S. K. Jagatheesaperumal; P. Sathikumar; H. Rajan; M. Rahouti; A. Chehri et al.",2025,"ICC 2025 - IEEE International Conference on Communications","10.1109/ICC52391.2025.11160737",NA,"Other",NA,"Ethereum; Hyperledger","Not specified","Not specified","None","None","Not clear",NA,NA,NA
"REV080","Enterprise-Oriented Consortium Blockchain Framework for Secure and Scalable Vehicular Data Management Using Transaction Filtering","S. M. Zanjani; F. Ebrahimi; S. Mehrabani-Najafabadi; A. Zamani; H. Shahinzadeh; F. Afzoon et al.",2025,"2025 9th Iranian Conference on Advances in Enterprise Architecture (ICAEA)","10.1109/ICAEA69058.2025.11301472",NA,"Other",NA,"Not specified","Not specified","Not specified","None","None","Not clear",NA,NA,NA
"REV081","Blockchain-Enabled Framework for Efficient and Interoperable Proteomic Data Management","V. I. Kanu; J. Isong; S. O. Ajakwe; T. Jun; D. -S. Kim et al.",2025,"2025 Sixteenth International Conference on Ubiquitous and Future Networks (ICUFN)","10.1109/ICUFN65838.2025.11169963",NA,"Other",NA,"Hyperledger Fabric; Hyperledger","IPFS + blockchain; External DB","Not specified","None","None","Not clear",NA,NA,NA
"REV082","Efficient Persistent Storage of Graphs in Provenance-based Intrusion Detection Systems","S. -O. Hänsel; C. Kleiner; F. Heine; R. Buchta; K. Dangendorf; J. Rosendahl et al.",2025,"2025 IEEE 13th International Conference on Intelligent Data Acquisition and Advanced Computing Systems: Technology and Applications (IDAACS)","10.1109/IDAACS68557.2025.11322202",NA,"Provenance",NA,"Not specified","External DB","Not specified","None","None","Not clear",NA,NA,NA
"REV083","Digital Library XML Metadata Storage based on Data Mining Algorithm","Z. Sun et al.",2025,"2025 4th International Conference on Distributed Computing and Electrical Circuits and Electronics (ICDCECE)","10.1109/ICDCECE65353.2025.11034852",NA,"Other",NA,"Not specified","Not specified","Not specified","None","None","Not clear",NA,NA,NA
"REV084","A Credible and Fair Federated Learning Framework Based on Blockchain","L. Chen; D. Zhao; L. Tao; K. Wang; S. Qiao; X. Zeng; C. W. Tan et al.",2025,"IEEE Transactions on Artificial Intelligence","10.1109/TAI.2024.3355362",NA,"Other",NA,"Not specified","Not specified","Not specified","None","None","Not clear",NA,NA,NA
"REV085","FlexTEE: Dynamically Enhancing Metadata Locality Through Affine Address Transformation for Heterogeneous & Secure AI Platforms","R. M. Shadab; S. Gandham; M. Lin et al.",2025,"2025 IEEE/ACM International Conference On Computer Aided Design (ICCAD)","10.1109/ICCAD66269.2025.11240703",NA,"Other",NA,"Not specified","Not specified","Not specified","None","None","Not clear",NA,NA,NA
"REV086","A Two-Layer Metadata Framework for Cross-Platform Sharing of Ergonomics Digital Human Models","Y. Zhang; J. Niu et al.",2025,"2025 9th International Symposium on Computer Science and Intelligent Control (ISCSIC)","10.1109/ISCSIC67494.2025.11351942",NA,"Other",NA,"Not specified","Not specified","Not specified","None","None","Not clear",NA,NA,NA
"REV087","A StationXML-Based Platform for Seismic Station Metadata Management and Services","D. Wu; Z. Li; S. Zhang; Q. Yu et al.",2025,"2025 IEEE 7th International Conference on Communications, Information System and Computer Engineering (CISCE)","10.1109/CISCE65916.2025.11065702",NA,"Other",NA,"Not specified","External DB","Not specified","None","None","Not clear",NA,NA,NA
"REV088","An AI-Powered Metadata-Driven File Management Agent for Academic Computing Platforms","W. N. Devindi; K. M. Piyumal et al.",2025,"2025 International Conference on Advances in Technology and Computing (ICATC)","10.1109/ICATC68823.2025.11407546",NA,"Other",NA,"Not specified","Not specified","Not specified","None","None","Not clear",NA,NA,NA
"REV089","Spoke 3 Big Data Management, Storage, and Archive Infrastructure","G. Coran; M. Costantini; S. Gelsumini; D. Busonero; C. Knapic; A. Adelfio; D. Ciangottini et al.",2025,"2025 33rd Euromicro International Conference on Parallel, Distributed, and Network-Based Processing (PDP)","10.1109/PDP66500.2025.00072",NA,"Other",NA,"Not specified","External DB","Not specified","None","None","Not clear",NA,NA,NA
"REV090","A Comprehensive Survey on Secure Healthcare Data Management: Integrating Cloud Storage and AI-Driven Analytics","S. Muthuvel; K. S. Kumar; R. K. Manoj et al.",2025,"2025 International Conference on Emerging Technologies in Engineering Applications (ICETEA)","10.1109/ICETEA64585.2025.11099911",NA,"Other",NA,"Not specified","Not specified","Not specified","None","None","Not clear",NA,NA,NA
"REV091","An Urban Data Management Platform for Bridging Trusted Ecosystems, Dataspaces, and Digital Twins","I. Sotiropoulos; I. Karvelas; E. Sarmas; S. Rizou; V. Marinakis et al.",2025,"2025 16th International Conference on Information, Intelligence, Systems & Applications (IISA)","10.1109/IISA66859.2025.11311211",NA,"Other",NA,"Not specified","Not specified","Not specified","None","None","Not clear",NA,NA,NA
"REV092","AI-Enhanced Job Search Platform for Persons with Disabilities: A Fair and Accessible Approach","Mrs.A.Elavarasi; S. Devipriya; S. Gayathri; M. A. P. Nayaki et al.",2025,"2025 5th International Conference on Ubiquitous Computing and Intelligent Information Systems (ICUIS)","10.1109/ICUIS67429.2025.11380302",NA,"Other",NA,"Not specified","Not specified","Not specified","None","None","Not clear",NA,NA,NA
"REV093","PBFT-Integrated Blockchain and AI-Driven Integrity Verification for Secure Cyber Forensic","B. Abisha; V. S. Kumari; G. Rajaram et al.",2025,"2025 3rd International Conference on Computational Intelligence and Network Systems (CINS)","10.1109/CINS67018.2025.11412174",NA,"Provenance",NA,"Not specified","Not specified","Not specified","None","None","Not clear",NA,NA,NA
"REV094","Towards Ethical Health Claim Verification: Blockchain and Digital Twin Systems for Rhinoplasty Surgery in Smart Cities","C. E. R. Alba; J. M. M. Díaz; A. H. Macías; A. N. Rascón; M. Vardaki et al.",2025,"2025 IEEE International Smart Cities Conference (ISC2)","10.1109/ISC266238.2025.11293270",NA,"Provenance",NA,"Not specified","Not specified","Not specified","None","None","Not clear",NA,NA,NA
"REV095","Blockchain-based Certificate Verification System with AI-Assisted Content Validation using Hyperledger Fabric","M. K; V. Y. S. T; C. P. Shankara; L. H. T; M. K. V; D. B. T et al.",2025,"2025 International Conference on Sustainable Communication Networks and Application (ICSCN)","10.1109/ICSCN67106.2025.11308214",NA,"Provenance; Blockchain","Hyperledger Fabric","Hyperledger Fabric; Hyperledger","Not specified","Not specified","None","None","Not clear",NA,NA,NA
"REV096","A Secured Signature Verification Scheme with Multiple Attribute based Electronic Health Record Maintenance Scheme using Blockchain Technology","S. R; S. M; S. A; S. P; S. S; S. G et al.",2025,"2025 International Conference on Recent Innovation in Science Engineering and Technology (ICRISET)","10.1109/ICRISET64803.2025.11252247",NA,"Provenance",NA,"Hyperledger Fabric; Hyperledger","Hybrid","Permissioned; Hybrid","None","None","Not clear",NA,NA,NA
"REV097","Blockchain-Supported Adaptive Hash Verification for Resilient Healthcare Data Integrity","R. Gayathri; I. Kaur; P. N. S; S. Dhankhar; G. Renuka; T. Karthikeyan et al.",2025,"2025 2nd International Conference on Artificial Intelligence and Knowledge Discovery in Concurrent Engineering (ICECONF)","10.1109/ICECONF65644.2025.11379415",NA,"Provenance",NA,"Not specified","External DB","Not specified","None","None","Not clear",NA,NA,NA
"REV098","Blockchain-Based Credential Models: Enhancing Verification With Soulbound Tokens","D. M. F. Rehtaliani; A. Alamsyah et al.",2025,"2025 4th International Conference on Electronics Representation and Algorithm (ICERA)","10.1109/ICERA66156.2025.11087269",NA,"Provenance",NA,"Ethereum","IPFS + blockchain; External DB","Not specified","None","None","Not clear",NA,NA,NA
"REV099","Video Integrity Verification against Deepfake alterations Using Aspects of Blockchain and SHA-256 Cryptographic algorithm","F. AlOtaibi; S. Aljohani; G. Alnifie et al.",2025,"2025 Computing, Communications and IoT Applications (ComComAp)","10.1109/ComComAp68359.2025.11353195",NA,"Provenance",NA,"Not specified","IPFS + blockchain","Permissionless","None","None","Not clear",NA,NA,NA
"REV100","Descriptor: Synthetic Carbon Capture Storage Measurement Reporting and Verification Dataset (SCCS-MRV)","S. Muktevi; Y. Nagpal; R. Leela; J. Muktevi et al.",2026,"IEEE Data Descriptions","10.1109/IEEEDATA.2025.3637665",NA,"Provenance",NA,"Not specified","Not specified","Not specified","None","None","Not clear",NA,NA,NA
"REV101","AI-Powered Freelancing Platform with Escrow Payments and Skill Verification","S. L; B. C. J; G. Ankitha; S. M. H. Yadullahi; S. A. Ahamed; B. N. A et al.",2025,"2025 7th International Symposium on Advanced Electrical and Communication Technologies (ISAECT)","10.1109/ISAECT68904.2025.11318819",NA,"Provenance",NA,"Not specified","External DB","Not specified","None","None","Not clear",NA,NA,NA
"REV102","Agentic AI-Driven and Human-Centered Cyber Immune Platforms for Cyber Threat Intelligence Verification under PDPA Regulations","K. Janloy; P. Wuttidittachotti; P. Wannapiroon; P. Kaewduangta et al.",2025,"2025 5th International Conference on Educational Communications and Technology (ICTAECT)","10.1109/ICTAECT67351.2025.11391269",NA,"Provenance",NA,"Not specified","Not specified","Not specified","None","None","Not clear",NA,NA,NA
"REV103","Identification of biomedical entities from multiple repositories using a specialized metadata schema and search-augmented large language models","Kaier et al.",2026,"BMC Research Notes","10.1186/s13104-026-07632-w",NA,"Other",NA,"Not specified","Not specified","Not specified","None","None","Not clear",NA,NA,NA
"REV104","Reconstruction of the Age of Provenances for the Rare Metal-Titanium Placers of the Upper Neogene Ergeninskaya Formation (Karpinsky Ridge, Epi-Hercynian Scythian Platform)","Chefranova et al.",2026,"Doklady Earth Sciences","10.1134/S1028334X25608909",NA,"Provenance",NA,"Not specified","Not specified","Not specified","None","None","Not clear",NA,NA,NA
"REV105","BLOCKCHAIN AND AI IN ART PROVENANCE TRACKING","Arsalwad et al.",2026,"ShodhKosh: Journal of Visual and Performing Arts","10.29121/shodhkosh.v7.i1s.2026.7119",NA,"Provenance",NA,"Not specified","Not specified","Not specified","None","None","Not clear",NA,NA,NA
"REV106","A Provenance Chain for Decentralized Data Ecosystems in Space Missions","Reif et al.",2026,"AIAA Science and Technology Forum and Exposition, AIAA SciTech Forum 2026","10.2514/6.2026-2666",NA,"Provenance",NA,"Not specified","Not specified","Not specified","None","None","Not clear",NA,NA,NA
"REV107","Enabling metadata enrichment of 3D measurement data by database-centered storage and exchange through the QIF data format","Geiger et al.",2026,"Procedia CIRP","10.1016/j.procir.2026.01.198",NA,"Other",NA,"Not specified","External DB","Not specified","None","None","Not clear",NA,NA,NA
"REV108","Bridging the Data Discovery Gap: User-Centric Recommendations for Research Data Repositories","Wu et al.",2026,"Data Science Journal","10.5334/dsj-2026-006",NA,"Other",NA,"Not specified","Not specified","Not specified","None","None","Not clear",NA,NA,NA
"REV109","Verification and Analysis of Phase Adjustment Operation Capability of a Certain Pumped Storage Units","B.; Feng et al.",2026,"Lecture Notes in Civil Engineering","10.1007/978-981-95-4889-7_3",NA,"Provenance",NA,"Not specified","Not specified","Not specified","None","None","Not clear",NA,NA,NA
"REV110","How User-Generated Content and Platform Shop Metadata to Influence Transaction Volume: A Multilevel Study of Online Consumer Behavior","Lo et al.",2026,"Journal of Consumer Behaviour","10.1002/cb.70136",NA,"Other",NA,"Not specified","External DB","Not specified","None","None","Not clear",NA,NA,NA
"REV111","The agnostics way platform for data governance with metadata management on the big data ecosystem","Patil et al.",2026,"International Journal of Wireless and Mobile Computing","10.1504/IJWMC.2026.151583",NA,"Other",NA,"Not specified","Hybrid","Hybrid","None","None","Not clear",NA,NA,NA
"REV112","VeriCert: SSL/TLS Certificate Verification Based on Self-sovereign Identity and Blockchain","Giuliani et al.",2026,"Lecture Notes of the Institute for Computer Sciences, Social-Informatics and Telecommunications Engineering, LNICST","10.1007/978-3-032-12335-0_5",NA,"Provenance",NA,"Not specified","Not specified","Permissionless","None","None","Not clear",NA,NA,NA
"REV113","RedactChain: A Redactable Blockchain-Driven Privacy Protected Personal Data Management Scheme","Sharma et al.",2026,"Lecture Notes in Networks and Systems","10.1007/978-981-96-6941-7_17",NA,"Other",NA,"Not specified","Not specified","Not specified","None","None","Not clear",NA,NA,NA
"REV114","A Comprehensive Analysis of Intelligent Healthcare Data Management Over Blockchain","Jain et al.",2026,"Lecture Notes in Networks and Systems","10.1007/978-981-96-6329-3_25",NA,"Other",NA,"Not specified","Not specified","Permissionless","None","None","Not clear",NA,NA,NA
"REV115","Leveraging AI and Blockchain Technology for Enhancing Healthcare Data Management and Patient Care","Kulkarni et al.",2026,"Lecture Notes in Networks and Systems","10.1007/978-3-032-06688-6_45",NA,"Other",NA,"Not specified","Not specified","Not specified","None","None","Not clear",NA,NA,NA
"REV116","Blockchain-Enhanced KYC: A Secure and Decentralized Framework for Identity Verification","Sambare et al.",2026,"Lecture Notes in Networks and Systems","10.1007/978-3-032-06688-6_16",NA,"Provenance",NA,"Not specified","External DB","Not specified","None","None","Not clear",NA,NA,NA
"REV117","The Evolution of Patient Data Management: Comparing Traditional Cloud, Blockchain, and Hybrid Architectural Paradigms","Sharma et al.",2026,"Lecture Notes in Networks and Systems","10.1007/978-3-032-04222-4_25",NA,"Other",NA,"Not specified","Hybrid","Hybrid","None","None","Not clear",NA,NA,NA
"REV118","Linking SysMLv2 with Systems Platforms to Support Model-Based Integration, Verification, Validation, and Qualification","Strobbe et al.",2026,"IFIP Advances in Information and Communication Technology","10.1007/978-3-032-09704-0_28",NA,"Provenance",NA,"Not specified","Hybrid","Hybrid","None","None","Not clear",NA,NA,NA
"REV119","Blockchain Driven Generative AI: Ensuring Data Provenance and Model Integrity","Alam et al.",2026,"Lecture Notes in Networks and Systems","10.1007/978-3-032-07275-7_3",NA,"Provenance",NA,"Not specified","Hybrid","Hybrid","None","None","Not clear",NA,NA,NA
"REV120","A Blockchain-Enabled Secure and Scalable Online Examination System with Integrity Verification","Patil et al.",2026,"Lecture Notes in Networks and Systems","10.1007/978-981-96-8796-1_42",NA,"Provenance",NA,"Hyperledger Fabric; Hyperledger","IPFS + blockchain; External DB","Permissioned","None","None","Not clear",NA,NA,NA
"REV121","A Self-sovereign Identity Framework Using Blockchain for Privacy-Preserving Data Management","Garrido-Fúnez et al.",2026,"Lecture Notes in Computer Science","10.1007/978-3-032-10489-2_34",NA,"Other",NA,"Not specified","Not specified","Not specified","None","None","Not clear",NA,NA,NA
"REV122","SD-ATD: Semantic-Decoupling Contrastive Learning Model for Blockchain Abnormal Transaction Detection","Guo et al.",2026,"Communications in Computer and Information Science","10.1007/978-981-95-4142-3_8",NA,"Other",NA,"Not specified","Not specified","Not specified","None","None","Not clear",NA,NA,NA
"REV123","An Empirical Study of Variation of Blockchain to Address the Issue of Verification and Validation","Biswas et al.",2026,"Lecture Notes in Computer Science","10.1007/978-981-95-2961-2_24",NA,"Provenance",NA,"Ethereum","External DB; Hybrid","Hybrid","None","None","Not clear",NA,NA,NA
"REV124","Decentralized Research Data Sharing Management Using Blockchain Technology","Hylli et al.",2026,"Communications in Computer and Information Science","10.1007/978-3-032-05727-3_9",NA,"Other",NA,"Not specified","Not specified","Not specified","None","None","Not clear",NA,NA,NA
"REV125","BarBeR - Barcode Benchmark Repository: Implementation and Reproducibility Notes","Vezzali et al.",2026,"Lecture Notes in Computer Science","10.1007/978-3-031-97822-7_6",NA,"Provenance",NA,"Not specified","Not specified","Not specified","None","None","Not clear",NA,NA,NA
"REV126","Decentralized Blockchain Framework for the Provenance of Cultural Heritage","Maksymyuk et al.",2025,"International Journal of Computing","",NA,"Provenance",NA,"Not specified","Not specified","Not specified","None","None","Not clear",NA,NA,NA
"REV127","Enhancing mental health outcomes through a theory of change: supporting open-source data science platforms to promote FAIR data and evidence-based decisions","Mugotitsa et al.",2025,"BMC Health Services Research","10.1186/s12913-025-13474-2",NA,"Other",NA,"Not specified","Not specified","Not specified","None","None","Not clear",NA,NA,NA
"REV128","Implementing XRootD/SciToken-Based Access to Lustre Storage at GSI A First Step Toward Data Federation for FAIR","Spreckels et al.",2025,"EPJ Web of Conferences","10.1051/epjconf/202533701257",NA,"Other",NA,"Not specified","Not specified","Not specified","None","None","Not clear",NA,NA,NA
"REV129","Exploring Blockchain-Based Information Systems for Maritime Engineering Data Management","Kumar et al.",2025,"Indian Journal of Information Sources and Services","10.51983/ijiss-2025.IJISS.15.4.13",NA,"Other",NA,"Not specified","Not specified","Not specified","None","None","Not clear",NA,NA,NA
"REV130","A value-sensitive metadata schema for interpreting corpora: Implementation on the Unifed Interpreting Corpus (UNIC) platform","Liu et al.",2025,"Interpreting","10.1075/intp.00123.liu",NA,"Other",NA,"Not specified","Not specified","Not specified","None","None","Not clear",NA,NA,NA
"REV131","LoChain: A Decentralized and Privacy-Preserving Blockchain Protocol for Mobility Data Management","Bouderbala et al.",2025,"International Archives of the Photogrammetry, Remote Sensing and Spatial Information Sciences - ISPRS Archives","10.5194/isprs-Archives-XLVIII-4-W16-2025-17-2025",NA,"Other",NA,"Hyperledger Fabric; Hyperledger","Not specified","Not specified","None","None","Not clear",NA,NA,NA
"REV132","Optimizing data management: Strategies for efficient storage","D et al.",2025,"AIP Conference Proceedings","10.1063/5.0262495",NA,"Other",NA,"Not specified","External DB","Not specified","None","None","Not clear",NA,NA,NA
"REV133","Blockchain-Enabled Secure Healthcare Data Management with Modified Gazelle Optimization and DLT-Trained RNN-BILSTM Approach","Saxena et al.",2025,"Jurnal Online Informatika","10.15575/join.v10i2.1638",NA,"Other",NA,"Not specified","Not specified","Not specified","None","None","Not clear",NA,NA,NA
"REV134","Architectural Framework for Developing a Healthcare Research Data Repository: A Scalable and Interoperable Approach","Santos et al.",2025,"Studies in Health Technology and Informatics","10.3233/SHTI251129",NA,"Other",NA,"Not specified","Not specified","Not specified","None","None","Not clear",NA,NA,NA
"REV135","Blockchain-Assisted Video Integrity Verification Using ResNeXt and LSTM-Based Deepfake Detection","Senthil Pandian et al.",2025,"International Journal of Basic and Applied Sciences","10.14419/v12sar21",NA,"Provenance",NA,"Not specified","Not specified","Not specified","None","None","Not clear",NA,NA,NA
"REV136","A Blockchain-Based Decentralized Framework for Securing Medical Research Data via Digital Timestamping","Ansari et al.",2025,"Ingenierie des Systemes d'Information","10.18280/isi.300718",NA,"Other",NA,"Not specified","Not specified","Not specified","None","None","Not clear",NA,NA,NA
"REV137","Formal Definition and Instance Verification Analysis of General Blockchain Cross-Chain Transactions","Zhang et al.",2025,"Yingyong Kexue Xuebao/Journal of Applied Sciences","10.3969/j.issn.0255-8297.2025.04.002",NA,"Provenance",NA,"Not specified","Not specified","Not specified","None","None","Not clear",NA,NA,NA
"REV138","Blockchain-based privacy preservation framework for preventing cyberattacks in smart healthcare big data management systems","Patil et al.",2025,"Multimedia Tools and Applications","10.1007/s11042-024-20109-x",NA,"Other",NA,"Not specified","External DB","Not specified","None","None","Not clear",NA,NA,NA
"REV139","A Design Architecture for Decentralized and Provenance-Assisted eHealth Systems for Enhanced Personalized Medicine †","Sergio et al.",2025,"Journal of Personalized Medicine","10.3390/jpm15070325",NA,"Provenance",NA,"Not specified","Not specified","Not specified","None","None","Not clear",NA,NA,NA
"REV140","Integration of Blockchain and IPFS: healthcare data management & sharing for IoT Environment","Mishra et al.",2025,"Multimedia Tools and Applications","10.1007/s11042-024-20092-3",NA,"Other",NA,"Not specified","IPFS + blockchain","Not specified","None","None","Not clear",NA,NA,NA
"REV141","Evaluating feature extraction reproducibility across image biomarker standardization initiative-compliant radiomics platforms using a digital phantom","Shin et al.",2025,"Journal of Applied Clinical Medical Physics","10.1002/acm2.70110",NA,"Provenance",NA,"Not specified","Not specified","Not specified","None","None","Not clear",NA,NA,NA
"REV142","Blockchain-Based Decentralized Storage for Scalable and Secure IoT Data Management","Chinte et al.",2025,"Journal of Computers, Mechanical and Management","10.57159/jcmm.4.3.25207",NA,"Other",NA,"Ethereum; Hyperledger","Not specified","Not specified","None","None","Not clear",NA,NA,NA
"REV143","A Novel Blockchain-Based Model for Secure Genomic Data Management","Shaikh et al.",2025,"Studies in Health Technology and Informatics","10.3233/SHTI250724",NA,"Other",NA,"Not specified","IPFS + blockchain; Hybrid","Hybrid","None","None","Not clear",NA,NA,NA
"REV144","Research data management and FAIR compliance through popular research data repositories: an exploratory study","Bhardwaj et al.",2025,"Data Technologies and Applications","10.1108/DTA-12-2022-0477",NA,"Other",NA,"Not specified","Not specified","Not specified","None","None","Not clear",NA,NA,NA
"REV145","FAIR Data in Argentina: Development and challenges of the Academic Data Repository RDA-UNR; Datos FAIR en Argentina: Desarrollo y desafíos del Repositorio de Datos Académicos RDA-UNR","Bongiovani et al.",2025,"Informacion, Cultura y Sociedad","10.34096/ics.i52.16501",NA,"Other",NA,"Not specified","Not specified","Not specified","None","None","Not clear",NA,NA,NA
"REV146","Research data management in academic libraries: institutional repositories as a reservoir for research data","Dube et al.",2025,"Library Management","10.1108/LM-06-2024-0070",NA,"Other",NA,"Not specified","External DB","Not specified","None","None","Not clear",NA,NA,NA
"REV147","A Blockchain-IPFS Framework for Secure, Scalable, and Interoperable Healthcare Data Management","Singh et al.",2025,"SN Computer Science","10.1007/s42979-025-03936-z",NA,"Other",NA,"Ethereum","IPFS + blockchain","Not specified","None","None","Not clear",NA,NA,NA
"REV148","Using a Semantic Network Application as an Enhanced Metadata Repository","Zohner et al.",2025,"Studies in Health Technology and Informatics","10.3233/SHTI250413",NA,"Other",NA,"Not specified","Not specified","Not specified","None","None","Not clear",NA,NA,NA
"REV149","Blockchain-Based Metadata Management in Distributed File Systems","Alameen et al.",2025,"Mesopotamian Journal of CyberSecurity","10.58496/MJCS/2025/022",NA,"Other",NA,"Ethereum","Not specified","Not specified","None","None","Not clear",NA,NA,NA
"REV150","An artificial intelligence and blockchain technology-based data management framework for multicenter randomized controlled trials","Yun et al.",2025,"Science Bulletin","10.1016/j.scib.2025.01.041",NA,"Other",NA,"Not specified","Not specified","Not specified","None","None","Not clear",NA,NA,NA
"REV151","BlockImage: A Secure Framework for Image Authentication and Provenance using AI and Blockchain","Sathyabama et al.",2025,"Journal of Innovative Image Processing","10.36548/jiip.2025.1.002",NA,"Provenance",NA,"Hyperledger Fabric; Hyperledger","IPFS + blockchain","Not specified","None","None","Not clear",NA,NA,NA
"REV152","SMARTSCAN: A COMPREHENSIVE FRAMEWORK FOR EFFICIENT AND OPTIMIZED FORMAL VERIFICATION OF COMPLEX BLOCKCHAIN SMART CONTRACTS","Sowmya et al.",2025,"Journal of Theoretical and Applied Information Technology","",NA,"Provenance",NA,"Not specified","Hybrid","Hybrid","None","None","Not clear",NA,NA,NA
"REV153","Blockchain Based Research Data Repository","Madhurani et al.",2025,"Communications in Computer and Information Science","10.1007/978-3-031-82383-1_2",NA,"Other",NA,"Not specified","Not specified","Not specified","None","None","Not clear",NA,NA,NA
"REV154","Decentralized Materials Data Management using Blockchain, Non-Fungible Tokens, and Interplanetary File System in Web3","Warmayana et al.",2025,"Journal of Applied Data Sciences","10.47738/jads.v6i1.380",NA,"Other",NA,"Not specified","IPFS + blockchain","Not specified","None","None","Not clear",NA,NA,NA
"REV155","Developing a data quality assurance ontology for research data repositories","Lee et al.",2025,"Journal of Documentation","10.1108/JD-09-2024-0212",NA,"Other",NA,"Not specified","Not specified","Not specified","None","None","Not clear",NA,NA,NA
"REV156","Towards Reproducible Research in Machine Learning via Blockchain","Filatovas et al.",2025,"Lecture Notes in Computer Science (including subseries Lecture Notes in Artificial Intelligence and Lecture Notes in Bioinformatics)","10.1007/978-3-031-81247-7_24",NA,"Other",NA,"Not specified","Not specified","Permissionless","None","None","Not clear",NA,NA,NA
"REV157","The Power of URLs in Scholarly Papers: Their Role as Metadata Sources for Data Repositories","Wada et al.",2025,"Lecture Notes in Computer Science (including subseries Lecture Notes in Artificial Intelligence and Lecture Notes in Bioinformatics)","10.1007/978-981-96-0868-3_6",NA,"Other",NA,"Not specified","Not specified","Not specified","None","None","Not clear",NA,NA,NA
"REV158","Enhancing Medical Data Management and Sharing with Blockchain Technology: A Focus on Encrypted NFTs","Bang et al.",2025,"Lecture Notes in Computer Science (including subseries Lecture Notes in Artificial Intelligence and Lecture Notes in Bioinformatics)","10.1007/978-3-031-77153-8_7",NA,"Other",NA,"Ethereum","IPFS + blockchain","Not specified","None","None","Not clear",NA,NA,NA
"REV159","Towards Pediatric Healthcare: A Blockchain-Based Framework for Transparent and Secure Medical Data Management","Vo et al.",2025,"Lecture Notes in Computer Science (including subseries Lecture Notes in Artificial Intelligence and Lecture Notes in Bioinformatics)","10.1007/978-3-031-77095-1_7",NA,"Other",NA,"Not specified","Not specified","Not specified","None","None","Not clear",NA,NA,NA
"REV160","CLB-BAFL: Critical Learning Behaviour Verification Mechanism for Blockchain-Based Asynchronous Federated Learning","Tang et al.",2025,"Communications in Computer and Information Science","10.1007/978-981-97-9412-6_36",NA,"Provenance",NA,"Not specified","Not specified","Not specified","None","None","Not clear",NA,NA,NA
"REV161","Design of a Decentralized Authentication and Off-Chain Data Management Protocol for VANETs Using Blockchain","Kousar et al.",2025,"Communications on Applied Nonlinear Analysis","10.52783/cana.v32.1917",NA,"Other",NA,"Not specified","External DB","Not specified","None","None","Not clear",NA,NA,NA
"REV162","Secure Data Management Using BlockChain","Tupetewar et al.",2025,"Communications in Computer and Information Science","10.1007/978-3-031-73494-6_15",NA,"Other",NA,"Not specified","External DB","Not specified","None","None","Not clear",NA,NA,NA
"REV163","Bridging FAIR and CARE in ETD Metadata: An LLM-based Cross-Repository Evaluation Framework","Rai et al.",2025,"Proceedings of the International Conference on Dublin Core and Metadata Applications","10.23106/dcmi.952576294",NA,"Other",NA,"Not specified","External DB","Not specified","None","None","Not clear",NA,NA,NA
"REV164","Respectful Terminology Platform Project: Connecting Indigenous Peoples’ Knowledge Systems Through Innovative Metadata Technologies","Allison-Cassin et al.",2025,"Proceedings of the International Conference on Dublin Core and Metadata Applications","10.23106/dcmi.952533771",NA,"Other",NA,"Not specified","Not specified","Not specified","None","None","Not clear",NA,NA,NA
"REV165","Scientific production on data repositories and open science published in the Web of Science database: Methodi Ordinatio and content analysis; Produção científica sobre repositórios de dados e ciência aberta publicada na base Web of Science: Methodi Ordinatio e análise de conteúdo","Rodrigues-Junior et al.",2025,"Transinformacao","10.1590/2318-0889202537e2513075",NA,"Other",NA,"Not specified","External DB","Not specified","None","None","Not clear",NA,NA,NA
"REV166","Beyond Function-Level Search: Repository-Aware Dual-Encoder Code Retrieval with Adversarial Verification","Liu et al.",2025,"EMNLP 2025 - 2025 Conference on Empirical Methods in Natural Language Processing, Findings of EMNLP 2025","10.18653/v1/2025.findings-emnlp.1147",NA,"Provenance",NA,"Not specified","Not specified","Not specified","None","None","Not clear",NA,NA,NA
"REV167","Evaluation of FAIR Principles in Indigenous Water-Climate-Environment (WCE) Data Repositories","Sarzaeim et al.",2025,"Data Science Journal","10.5334/dsj-2025-031",NA,"Other",NA,"Not specified","External DB","Not specified","None","None","Not clear",NA,NA,NA
"REV168","A BLOCKCHAIN-BASED SECURE AND TRUSTWORTHY DATA MANAGEMENT FOR IOT NETWORK","Singh et al.",2025,"Proceedings on Engineering Sciences","10.24874/PES07.04A.015",NA,"Other",NA,"Not specified","Not specified","Not specified","None","None","Not clear",NA,NA,NA
"REV169","Efficient Emergency Access and Privacy-Preserving Healthcare Data Management Using Blockchain Technology","Datta et al.",2025,"Springer Proceedings in Business and Economics","10.1007/978-3-031-94901-2_15",NA,"Other",NA,"Not specified","Not specified","Not specified","None","None","Not clear",NA,NA,NA
"REV170","Iterative case study analysis of QoS-driven, trust-aware, and semantic blockchain optimization for healthcare networks","Patil et al.",2025,"International Journal of Information Technology (Singapore)","10.1007/s41870-025-03046-2",NA,"Other",NA,"Not specified","Not specified","Not specified","None","None","Not clear",NA,NA,NA
"REV171","Research on innovative grid data management based on traceability model and community blockchain technology","Wu et al.",2025,"International Journal of Technology, Policy and Management","10.1504/IJTPM.2025.150710",NA,"Other",NA,"Not specified","Not specified","Not specified","None","None","Not clear",NA,NA,NA
"REV172","Towards Provable Provenance and Privacy-Preserving Queries in Decentralised Data Architectures","Wright et al.",2025,"CEUR Workshop Proceedings","",NA,"Provenance",NA,"Not specified","Not specified","Not specified","None","None","Not clear",NA,NA,NA
"REV173","Rule and Blockchain-based Data Management Framework to Facilitate Ship Efficiency Assessment","Wang et al.",2025,"CEUR Workshop Proceedings","",NA,"Other",NA,"Not specified","Not specified","Not specified","None","None","Not clear",NA,NA,NA
"REV174","Blockchain-based Electronic Health Record Data Sharing Scheme with Integrity Verification; 基于区块链且可验证完整性的电子病历数据共享方案","Li et al.",2025,"Journal of Cyber Security","10.19363/J.cnki.cn10-1380/tn.2025.09.10",NA,"Provenance",NA,"Not specified","Not specified","Not specified","None","None","Not clear",NA,NA,NA
"REV175","Blockchain-Based AI Model Integrity and Verification Framework","Živadinović et al.",2025,"Lecture Notes in Networks and Systems","10.1007/978-3-032-08093-6_3",NA,"Provenance",NA,"Not specified","External DB","Not specified","None","None","Not clear",NA,NA,NA
"REV176","ADDRESSING DATA MANAGEMENT CHALLENGES IN SRI LANKAN CONSTRUCTION INDUSTRY THROUGH BLOCKCHAIN INTEGRATION","Wijesundara et al.",2025,"World Construction Symposium","10.31705/WCS.2025.8",NA,"Other",NA,"Not specified","Not specified","Not specified","None","None","Not clear",NA,NA,NA
"REV177","Formal Verification of a Blockchain-Based Security Model for Personal Data Sharing Using the Dolev-Yao Model and ProVerif","Mandinyenya et al.",2025,"International Journal of Advanced Computer Science and Applications","10.14569/IJACSA.2025.0160942",NA,"Provenance",NA,"Hyperledger Fabric; Hyperledger","IPFS + blockchain; External DB","Not specified","None","None","Not clear",NA,NA,NA
"REV178","Elevating Semantic Exploration: A Novel Approach Utilizing Distributed Repositories","Bellandi et al.",2025,"CEUR Workshop Proceedings","",NA,"Other",NA,"Not specified","Not specified","Not specified","None","None","Not clear",NA,NA,NA
"REV179","Secure and Collaborative Data Management in Clouds Using Blockchain: A Systematic Review","Mishra et al.",2025,"Lecture Notes in Networks and Systems","10.1007/978-981-96-2015-9_49",NA,"Other",NA,"Not specified","Not specified","Not specified","None","None","Not clear",NA,NA,NA
"REV180","DriveChain: Scalable and Effective Data Management Solution to Blockchain-Based VANET with Reputation Assurance Protocol","Mohaimen et al.",2025,"Lecture Notes in Networks and Systems","10.1007/978-981-97-9324-2_6",NA,"Other",NA,"Not specified","IPFS + blockchain","Not specified","None","None","Not clear",NA,NA,NA
"REV181","A Scalable and Privacy-Preserving Hybrid Blockchain Architecture for Secure Healthcare Data Management","Sharmin et al.",2025,"International Journal of Advanced Computer Science and Applications","10.14569/IJACSA.2025.0160895",NA,"Other",NA,"Ethereum","IPFS + blockchain; External DB; Hybrid","Hybrid","None","None","Not clear",NA,NA,NA
"REV182","A review of data management and protection schemes in blockchain-integrated internet of thing systems","Cholke et al.",2025,"Discrete Mathematics, Algorithms and Applications","10.1142/S1793830925501204",NA,"Other",NA,"Not specified","Not specified","Not specified","None","None","Not clear",NA,NA,NA
"REV183","Digital Twin for Field Data Management: Design of a platform to promote FAIR principles and ensure data reusability","Hamlaoui et al.",2025,"Procedia CIRP","10.1016/j.procir.2025.08.030",NA,"Other",NA,"Not specified","External DB","Not specified","None","None","Not clear",NA,NA,NA
"REV184","Sustainable and Secure Mobile Healthcare Data Management: Leveraging Federated Learning, Blockchain and FaaS Integration","Shakkeera et al.",2025,"Lecture Notes in Networks and Systems","10.1007/978-981-96-5754-4_39",NA,"Other",NA,"Not specified","Not specified","Not specified","None","None","Not clear",NA,NA,NA
"REV185","Evaluating metadata quality in institutional academic repositories of Turkish research universities","Aydın Çolak et al.",2025,"Online Information Review","10.1108/OIR-06-2024-0401",NA,"Other",NA,"Not specified","Not specified","Not specified","None","None","Not clear",NA,NA,NA
"REV186","Blockchain-Based Self-sovereign Identity for Ensuring Traceability and Provenance in Online Social Networks","Zafar et al.",2025,"Lecture Notes in Networks and Systems","10.1007/978-981-96-3352-4_10",NA,"Provenance",NA,"Not specified","Not specified","Not specified","None","None","Not clear",NA,NA,NA
"REV187","Research on the integrated planning method of the power network and storage based on the two-layer model of decision-making and verification","Chen et al.",2025,"Journal of Physics: Conference Series","10.1088/1742-6596/3064/1/012030",NA,"Provenance",NA,"Not specified","Not specified","Not specified","None","None","Not clear",NA,NA,NA
"REV188","Blockchain-Enhanced Secure Data Management for Internet of Vehicles (IoV) Networks","Lokesh Raju et al.",2025,"Lecture Notes in Networks and Systems","10.1007/978-981-96-5238-9_26",NA,"Other",NA,"Not specified","Not specified","Not specified","None","None","Not clear",NA,NA,NA
"REV189","A Blockchain-Based Medical Record Storage System for Healthcare Data Management","Islam et al.",2025,"Lecture Notes in Networks and Systems","10.1007/978-3-031-94620-2_24",NA,"Other",NA,"Not specified","Not specified","Not specified","None","None","Not clear",NA,NA,NA
"REV190","Construction of medical scientific data repositories in China: analysis of survey and recommendations","Song et al.",2025,"Frontiers in Artificial Intelligence","10.3389/frai.2025.1544200",NA,"Other",NA,"Not specified","Not specified","Not specified","None","None","Not clear",NA,NA,NA
"REV191","Semantic-Aware Lightweight AI Model for Deepfake Image Detection in Online Retail Platforms","Pan et al.",2025,"International Journal on Semantic Web and Information Systems","10.4018/IJSWIS.384517",NA,"Other",NA,"Not specified","Not specified","Not specified","None","None","Not clear",NA,NA,NA
"REV192","Decentralized and Secure Verification Process Using Interplanetary File System (IPFS) and Web3 Storage: A Comprehensive Study","Yede et al.",2025,"Lecture Notes in Networks and Systems","10.1007/978-3-031-78931-1_12",NA,"Provenance",NA,"Not specified","IPFS","Not specified","None","None","Not clear",NA,NA,NA
"REV193","Purpose Filter: A Space-efficient Purpose Metadata Storage","Amora et al.",2025,"Lecture Notes in Computer Science","10.1007/978-3-031-96590-6_14",NA,"Other",NA,"Not specified","Not specified","Not specified","None","None","Not clear",NA,NA,NA
"REV194","An Optimized Meta-Analysis Secure Data Management in Internet of Medical Things (IoMT) Smart Healthcare Systems Based on Blockchain and Multi-access Edge Computing","Senthil et al.",2025,"Lecture Notes in Networks and Systems","10.1007/978-981-96-1918-4_5",NA,"Other",NA,"Not specified","Not specified","Not specified","None","None","Not clear",NA,NA,NA
"REV195","Blockchain-Assisted Dynamic Attack Detection Method Based Secure Data Management in Industrial 4.0","Padmapriya et al.",2025,"Lecture Notes in Networks and Systems","10.1007/978-3-031-91008-1_13",NA,"Other",NA,"Not specified","Not specified","Not specified","None","None","Not clear",NA,NA,NA
"REV196","Integrating Blockchain and Smart Card Technologies for Secure Healthcare Data Management","Gaouzi et al.",2025,"International Journal of Advanced Computer Science and Applications","10.14569/IJACSA.2025.0160690",NA,"Other",NA,"Not specified","Not specified","Not specified","None","None","Not clear",NA,NA,NA
"REV197","Airborne remote sensing system：The innovative verification platform of Earth observation technology; 航空遥感系统——对地观测技术创新验证平台","Pan et al.",2025,"National Remote Sensing Bulletin","10.11834/jrs.20254413",NA,"Provenance",NA,"Not specified","Not specified","Not specified","None","None","Not clear",NA,NA,NA
"REV198","Energy-Efficient Integrity Verification for Multimedia in Mobile Cloud Computing Using Blockchain Technology","Mishra et al.",2025,"Lecture Notes in Networks and Systems","10.1007/978-981-96-4071-3_36",NA,"Provenance",NA,"Not specified","External DB","Not specified","None","None","Not clear",NA,NA,NA
"REV199","A Blockchain-based Secure and Privacy-Preserving Healthcare Data Management Framework with SHA-256 and PoW Consensus","Niu et al.",2025,"Informatica (Slovenia)","10.31449/inf.v49i20.8392",NA,"Other",NA,"Not specified","Not specified","Not specified","None","None","Not clear",NA,NA,NA
"REV200","A Platform for AI-Assisted Archival Metadata Generation","Rim et al.",2025,"Lecture Notes in Computer Science","10.1007/978-3-031-93160-4_12",NA,"Other",NA,"Not specified","Not specified","Not specified","None","None","Not clear",NA,NA,NA
"REV201","Power outage data management platform based on big data analysis technology","Xu et al.",2025,"Procedia Computer Science","10.1016/j.procs.2025.04.489",NA,"Other",NA,"Not specified","Not specified","Not specified","None","None","Not clear",NA,NA,NA
"REV202","Trusted Provenance with Blockchain Technology: A Systematic Literature Review","Kocadag et al.",2025,"Lecture Notes in Business Information Processing","10.1007/978-3-031-89277-6_6",NA,"Provenance",NA,"Not specified","Not specified","Not specified","None","None","Not clear",NA,NA,NA
"REV203","Discovering linked data collections through a new national metadata platform","Miller et al.",2025,"International Journal of Population Data Science","10.23889/ijpds.v6i1.2461",NA,"Other",NA,"Not specified","Not specified","Not specified","None","None","Not clear",NA,NA,NA
"REV204","Blockchain-enhanced vehicle data management system with file-based search for crime detection","Sim et al.",2025,"Edelweiss Applied Science and Technology","10.55214/25768484.v9i4.5941",NA,"Other",NA,"Not specified","Hybrid","Permissionless; Hybrid","None","None","Not clear",NA,NA,NA
"REV205","Research on New Railway Master Data Management Technology Based on Artificial Intelligence and Blockchain","Sun et al.",2025,"Lecture Notes in Electrical Engineering","10.1007/978-981-96-3969-4_14",NA,"Other",NA,"Not specified","Not specified","Not specified","None","None","Not clear",NA,NA,NA
"REV206","Divergent profiles of rhizosphere soil carbon and nitrogen cycling in Pinus massoniana provenances with different types of carbon storage","Huang et al.",2025,"Frontiers in Microbiology","10.3389/fmicb.2025.1537173",NA,"Provenance",NA,"Not specified","Not specified","Not specified","None","None","Not clear",NA,NA,NA
"REV207","Dynamic SLAM Algorithm for Semantic-Driven Unmanned Platforms in Multi-factor Environments","Wei et al.",2025,"Lecture Notes in Electrical Engineering","10.1007/978-981-96-2224-5_45",NA,"Other",NA,"Not specified","Not specified","Not specified","None","None","Not clear",NA,NA,NA
"REV208","A systematic study on blockchain technology for genomic data management in healthcare: approaches, challenges, and research opportunities","Arya A et al.",2026,"Med Biol Eng Comput","10.1007/s11517-025-03480-1",NA,"Other",NA,"Not specified","Not specified","Not specified","None","None","Not clear",NA,NA,NA
"REV209","A Blockchain-based Traceability System for AI-Driven Engine Blade Inspection",NA,2026,"arXiv",NA,NA,"Other",NA,"Hyperledger Fabric; Hyperledger","IPFS + blockchain; External DB","Not specified","None","None","Not clear",NA,NA,NA
"REV210","TM-RUGPULL: A Temporary Sound, Multimodal Dataset for Early Detection of RUG Pulls Across the Tokenized Ecosystem",NA,2026,"arXiv",NA,NA,"Other",NA,"Not specified","Not specified","Not specified","None","None","Not clear",NA,NA,NA
"REV211","The Tragedy of Chain Commons",NA,2026,"arXiv",NA,NA,"Other",NA,"Not specified","Not specified","Not specified","None","None","Not clear",NA,NA,NA
"REV212","Agent-OSI: A Layered Protocol Stack Toward a Decentralized Internet of Agents",NA,2026,"arXiv",NA,NA,"Other",NA,"Not specified","External DB","Not specified","None","None","Not clear",NA,NA,NA
"REV213","Non-Fungible Blockchain Tokens for Traceable Online-Quality Assurance of Milled Workpieces",NA,2026,"arXiv",NA,NA,"Other",NA,"Ethereum","IPFS + blockchain","Permissionless","None","None","Not clear",NA,NA,NA
"REV214","The Birthmark Standard: Privacy-Preserving Photo Authentication via Hardware Roots of Trust and Consortium Blockchain",NA,2026,"arXiv",NA,NA,"Other",NA,"Not specified","Not specified","Permissionless","None","None","Not clear",NA,NA,NA
"REV215","Provenance Verification of AI-Generated Images via a Perceptual Hash Registry Anchored on Blockchain",NA,2026,"arXiv",NA,NA,"Provenance",NA,"Not specified","External DB; Hybrid","Permissionless; Hybrid","None","None","Not clear",NA,NA,NA
"REV216","Infusion of Blockchain to Establish Trustworthiness in AI Supported Software Evolution: A Systematic Literature Review",NA,2026,"arXiv",NA,NA,"Other",NA,"Not specified","Not specified","Not specified","None","None","Not clear",NA,NA,NA
"REV217","Decentralized Identity in Practice: Benchmarking Latency, Cost, and Privacy",NA,2026,"arXiv",NA,NA,"Other",NA,"Ethereum","External DB","Not specified","None","None","Not clear",NA,NA,NA
"REV218","MultiChain Blockchain Data Provenance for Deterministic Stream Processing with Kafka Streams: A Weather Data Case Study",NA,2026,"arXiv",NA,NA,"Provenance",NA,"Not specified","External DB","Not specified","None","None","Not clear",NA,NA,NA
"REV219","A Scientific Data Integrity system based on Blockchain",NA,2026,"arXiv",NA,NA,"Other",NA,"Not specified","Not specified","Not specified","None","None","Not clear",NA,NA,NA
"REV220","BlocksecRT-DETR: Decentralized Privacy-Preserving and Token-Efficient Federated Transformer Learning for Secure Real-Time Object Detection in ITS",NA,2026,"arXiv",NA,NA,"Other",NA,"Not specified","Not specified","Not specified","None","None","Not clear",NA,NA,NA
"REV221","A decentralized academic certificate issuance system using smart contracts on the tron network",NA,2026,"arXiv",NA,NA,"Other",NA,"Not specified","IPFS + blockchain","Permissionless","None","None","Not clear",NA,NA,NA
"REV222","Autonomous Agents on Blockchains: Standards, Execution Models, and Trust Boundaries",NA,2026,"arXiv",NA,NA,"Other",NA,"Not specified","Not specified","Permissionless","None","None","Not clear",NA,NA,NA
"REV223","SlideChain: Semantic Provenance for Lecture Understanding via Blockchain Registration",NA,2025,"arXiv",NA,NA,"Provenance",NA,"Ethereum","Not specified","Not specified","None","None","Not clear",NA,NA,NA
"REV224","Binding Agent ID: Unleashing the Power of AI Agents with accountability and credibility",NA,2025,"arXiv",NA,NA,"Other",NA,"Not specified","Not specified","Not specified","None","None","Not clear",NA,NA,NA
"REV225","Decentralized Trust for Space AI: Blockchain-Based Federated Learning Across Multi-Vendor LEO Satellite Networks",NA,2025,"arXiv",NA,NA,"Other",NA,"Not specified","Not specified","Not specified","None","None","Not clear",NA,NA,NA
"REV226","Provenance-Driven Reliable Semantic Medical Image Vector Reconstruction via Lightweight Blockchain-Verified Latent Fingerprints",NA,2025,"arXiv",NA,NA,"Provenance",NA,"Not specified","Hybrid","Hybrid","None","None","Not clear",NA,NA,NA
"REV227","A Patient-Centric Blockchain Framework for Secure Electronic Health Record Management: Decoupling Data Storage from Access Control",NA,2025,"arXiv",NA,NA,"Other",NA,"Not specified","IPFS + blockchain; External DB","Permissionless","None","None","Not clear",NA,NA,NA
"REV228","DESTinE Block: Private Blockchain Based Data Storage Framework for Power System",NA,2025,"arXiv",NA,NA,"Other",NA,"Not specified","IPFS + blockchain","Not specified","None","None","Not clear",NA,NA,NA
"REV229","Fast Authenticated and Interoperable Multimedia Healthcare Data over Hybrid-Storage Blockchains",NA,2025,"arXiv",NA,NA,"Other",NA,"Not specified","External DB; Hybrid","Hybrid","None","None","Not clear",NA,NA,NA
"REV230","Provenance of AI-Generated Images: A Vector Similarity and Blockchain-based Approach",NA,2025,"arXiv",NA,NA,"Provenance",NA,"Not specified","Not specified","Not specified","None","None","Not clear",NA,NA,NA
"REV231","NetMoniAI: An Agentic AI Framework for Network Security &amp; Monitoring",NA,2025,"arXiv",NA,NA,"Other",NA,"Not specified","Not specified","Not specified","None","None","Not clear",NA,NA,NA
"REV232","A Decentralized Framework for Ethical Authorship Validation in Academic Publishing: Leveraging Self-Sovereign Identity and Blockchain Technology",NA,2025,"arXiv",NA,NA,"Other",NA,"Not specified","Not specified","Not specified","None","None","Not clear",NA,NA,NA
"REV233","A Transparent Fairness Evaluation Protocol for Open-Source Language Model Benchmarking on the Blockchain",NA,2025,"arXiv",NA,NA,"Other",NA,"Not specified","Not specified","Not specified","None","None","Not clear",NA,NA,NA
"REV234","Seeing Beyond Frames: Zero-Shot Pedestrian Intention Prediction with Raw Temporal Video and Multimodal Cues",NA,2025,"arXiv",NA,NA,"Other",NA,"Not specified","Not specified","Not specified","None","None","Not clear",NA,NA,NA
"REV235","FLsim: A Modular and Library-Agnostic Simulation Framework for Federated Learning",NA,2025,"arXiv",NA,NA,"Other",NA,"Not specified","Not specified","Not specified","None","None","Not clear",NA,NA,NA
"REV236","PromptChain: A Decentralized Web3 Architecture for Managing AI Prompts as Digital Assets",NA,2025,"arXiv",NA,NA,"Other",NA,"Not specified","IPFS + blockchain","Not specified","None","None","Not clear",NA,NA,NA
"REV237","Programmable Governance for Group-Controlled Decentralized Identifiers",NA,2025,"arXiv",NA,NA,"Other",NA,"Not specified","Not specified","Not specified","None","None","Not clear",NA,NA,NA
"REV238","Linearly Homomorphic Ring Signature Scheme over Lattices",NA,2025,"arXiv",NA,NA,"Other",NA,"Not specified","Not specified","Not specified","None","None","Not clear",NA,NA,NA
"REV239","PhishingHook: Catching Phishing Ethereum Smart Contracts leveraging EVM Opcodes",NA,2025,"arXiv",NA,NA,"Blockchain","Ethereum","Ethereum","Not specified","Not specified","None","None","Not clear",NA,NA,NA
"REV240","On Immutable Memory Systems for Artificial Agents: A Blockchain-Indexed Automata-Theoretic Framework Using ECDH-Keyed Merkle Chains",NA,2025,"arXiv",NA,NA,"Other",NA,"Not specified","Not specified","Not specified","None","None","Not clear",NA,NA,NA
"REV241","OSI Stack Redesign for Quantum Networks: Requirements, Technologies, Challenges, and Future Directions",NA,2025,"arXiv",NA,NA,"Other",NA,"Not specified","Hybrid","Hybrid","None","None","Not clear",NA,NA,NA
"REV242","Trustworthy Provenance for Big Data Science: a Modular Architecture Leveraging Blockchain in Federated Settings",NA,2025,"arXiv",NA,NA,"Provenance",NA,"Not specified","Not specified","Not specified","None","None","Not clear",NA,NA,NA
"REV243","AI-Powered Anomaly Detection with Blockchain for Real-Time Security and Reliability in Autonomous Vehicles",NA,2025,"arXiv",NA,NA,"Other",NA,"Not specified","Not specified","Permissionless","None","None","Not clear",NA,NA,NA
"REV244","PQS-BFL: A Post-Quantum Secure Blockchain-based Federated Learning Framework",NA,2025,"arXiv",NA,NA,"Other",NA,"Not specified","Not specified","Not specified","None","None","Not clear",NA,NA,NA
"REV245","Track and Trace: Automatically Uncovering Cross-chain Transactions in the Multi-blockchain Ecosystems",NA,2025,"arXiv",NA,NA,"Other",NA,"Multi-chain","Not specified","Not specified","None","None","Not clear",NA,NA,NA
"REV246","A Blockchain-Enabled Framework for Storage and Retrieval of Social Data",NA,2025,"arXiv",NA,NA,"Other",NA,"Not specified","Not specified","Not specified","None","None","Not clear",NA,NA,NA
"REV247","Digital Asset Data Lakehouse. The concept based on a blockchain research center",NA,2025,"arXiv",NA,NA,"Other",NA,"Not specified","Not specified","Not specified","None","None","Not clear",NA,NA,NA
